{"AUC": 0.9455721015297194, "confusion_matrix": {"_type": "image-file", "sha256": "e1a5b566df00551bb3f1b0df5389f47c5a6a866e3e3e326769973d434e1ea60a", "size": 87502, "path": "media/images/confusion_matrix_0_e1a5b566df00551bb3f1.png", "format": "png", "width": 1000, "height": 1000}, "_timestamp": 1724515838.7424781, "_runtime": 5.452771186828613, "_step": 0, "_wandb": {"runtime": 4}}